{"settings":{"opExample":[],"isPublic":false},"ops":[{"name":"renderer","opId":"b0472a1d-db16-4ba6-8787-f300fbdc77bb","objName":"Ops.Gl.MainLoop","id":"42bf052f-a861-4d3d-a002-ae85f59ee420","uiAttribs":{"subPatch":0,"title":"renderer","working":true,"notWorkingMsg":null},"portsIn":[{"name":"FPS Limit","value":0},{"name":"Reduce FPS loading","value":0},{"name":"Clear","value":true},{"name":"Fullscreen Button","value":0},{"name":"Active","value":true},{"name":"Hires Displays","value":0}],"portsOut":[{"name":"trigger"},{"name":"width","value":683},{"name":"height","value":495}]},{"opId":"eaf4f7ce-08a3-4d1b-b9f4-ebc0b7b1cde1","objName":"Ops.Gl.Matrix.OrbitControls","id":"bc267597-65a1-4d7f-9b3e-9e3ec2232c41","uiAttribs":{"title":"OrbitControls","subPatch":0,"working":true,"notWorkingMsg":null},"portsIn":[{"name":"render","links":[{"portIn":"render","portOut":"trigger","objIn":"bc267597-65a1-4d7f-9b3e-9e3ec2232c41","objOut":"5e118a03-9a3f-4283-b1ec-d5a127979d9f"}]},{"name":"min distance","value":10},{"name":"max distance","value":99999},{"name":"min rot y","value":0},{"name":"max rot y","value":0},{"name":"initial radius","value":23.05},{"name":"initial axis y","value":0.188},{"name":"initial axis x","value":0.25},{"name":"mul","value":1},{"name":"Smoothness","value":1},{"name":"Speed X","value":1},{"name":"Speed Y","value":1},{"name":"Active","value":true},{"name":"Allow Panning","value":true},{"name":"Allow Zooming","value":true},{"name":"Allow Rotation","value":true},{"name":"restricted","value":true},{"name":"Pointerlock","value":0},{"name":"Reset","value":0}],"portsOut":[{"name":"trigger"},{"name":"radius","value":23.05},{"name":"Rot Y","value":33.84},{"name":"Rot X","value":90}]},{"opId":"85ae5cfa-5eca-4dd8-8b30-850ac34f7cd5","objName":"Ops.Gl.Shader.BasicMaterial","id":"7500181a-ee89-486b-98db-9eb571cec9b0","uiAttribs":{"subPatch":0,"title":"BasicMaterial","working":true,"notWorkingMsg":null},"portsIn":[{"name":"render","links":[{"portIn":"render","portOut":"trigger","objIn":"7500181a-ee89-486b-98db-9eb571cec9b0","objOut":"bc267597-65a1-4d7f-9b3e-9e3ec2232c41"}]},{"name":"r","value":0.9529411764705882},{"name":"g","value":0.611764705882353},{"name":"b","value":0.07058823529411765},{"name":"a","value":0.755},{"name":"texture","value":0},{"name":"textureOpacity","value":0},{"name":"colorizeTexture","value":false},{"name":"billboard","value":false},{"name":"Opacity TexCoords Transform","value":false},{"name":"preMultiplied alpha","value":false},{"name":"diffuseRepeatX","value":1},{"name":"diffuseRepeatY","value":1},{"name":"Tex Offset X","value":0},{"name":"Tex Offset Y","value":0}],"portsOut":[{"name":"trigger"},{"name":"shader"}]},{"opId":"94ffa0de-2926-4d02-842e-a1ad6f5846c2","objName":"Ops.Gl.ShaderEffects.VertexDisplacementMap","id":"e0445604-8697-4dce-97b7-23147f47f2ff","uiAttribs":{"title":"VertexDisplacementMap","subPatch":0,"working":true,"notWorkingMsg":null},"portsIn":[{"name":"render","links":[{"portIn":"render","portOut":"trigger","objIn":"e0445604-8697-4dce-97b7-23147f47f2ff","objOut":"7500181a-ee89-486b-98db-9eb571cec9b0"}]},{"name":"texture","links":[{"portIn":"texture","portOut":"texture_out","objIn":"e0445604-8697-4dce-97b7-23147f47f2ff","objOut":"a31f7240-c8ec-45fc-abcb-025ecca1c7c4"}]},{"name":"extrude","value":6.02},{"name":"flip","value":false},{"name":"Ignore Zero Values","value":false},{"name":"invert","value":false},{"name":"offset X","value":0},{"name":"offset Y","value":0},{"name":"colorize","value":true},{"name":"colorize add","value":0.1},{"name":"mode","value":"add z"}],"portsOut":[{"name":"trigger"}]},{"name":"sequence","opId":"641934f6-5143-4a6b-b592-08ab26e2cab0","objName":"Ops.Trigger.Sequence","id":"6d37d8a8-efeb-4f9b-b3d5-044339bcf59d","uiAttribs":{"title":"sequence","subPatch":0,"working":true,"notWorkingMsg":null},"portsIn":[{"name":"exe","links":[{"portIn":"exe","portOut":"trigger","objIn":"6d37d8a8-efeb-4f9b-b3d5-044339bcf59d","objOut":"42bf052f-a861-4d3d-a002-ae85f59ee420"}]},{"name":"exe 0","value":0},{"name":"exe 1","value":0},{"name":"exe 2","value":0},{"name":"exe 3","value":0},{"name":"exe 4","value":0},{"name":"exe 5","value":0},{"name":"exe 6","value":0},{"name":"exe 7","value":0},{"name":"exe 8","value":0},{"name":"exe 9","value":0},{"name":"exe 10","value":0},{"name":"exe 11","value":0},{"name":"exe 12","value":0},{"name":"exe 13","value":0},{"name":"exe 14","value":0}],"portsOut":[{"name":"trigger 0"},{"name":"trigger 1","value":0},{"name":"trigger 2","value":0},{"name":"trigger 3","value":0},{"name":"trigger 4","value":0},{"name":"trigger 5","value":0},{"name":"trigger 6","value":0},{"name":"trigger 7"},{"name":"trigger 8","value":0},{"name":"trigger 9","value":0},{"name":"trigger 10","value":0},{"name":"trigger 11","value":0},{"name":"trigger 12","value":0},{"name":"trigger 13","value":0},{"name":"trigger 14","value":0},{"name":"trigger 15"}]},{"opId":"5c04608d-1e42-4e36-be00-1be4a81fc309","objName":"Ops.Gl.TextureEffects.ImageCompose","id":"a31f7240-c8ec-45fc-abcb-025ecca1c7c4","uiAttribs":{"hint":"texture dimensions not power of two! - texture filtering will not work.","warning":null,"title":"ImageCompose","subPatch":0,"working":true,"notWorkingMsg":null},"portsIn":[{"name":"render","links":[{"portIn":"render","portOut":"trigger","objIn":"a31f7240-c8ec-45fc-abcb-025ecca1c7c4","objOut":"7500181a-ee89-486b-98db-9eb571cec9b0"}]},{"name":"use viewport size","value":true},{"name":"width","value":683},{"name":"height","value":495},{"name":"filter","value":"nearest"},{"name":"wrap","value":"clamp to edge"},{"name":"HDR","value":0},{"name":"Background Alpha","value":0.811}],"portsOut":[{"name":"trigger"},{"name":"texture_out"},{"name":"Aspect Ratio","value":1.3797979797979798}]},{"opId":"aac7f721-208f-411a-adb3-79adae2e471a","objName":"Ops.Anim.Timer2","id":"1ca33dc7-16dc-4892-9705-fec44a405e82","uiAttribs":{"title":"Timer2","subPatch":0,"working":true,"notWorkingMsg":null},"portsIn":[{"name":"Play","value":true},{"name":"Reset","value":0},{"name":"Speed","value":1}],"portsOut":[{"name":"Time"}]},{"name":"LineArray","opId":"a75265c2-957b-4719-9d03-7bbf00ace364","objName":"Ops.Gl.Meshes.LinesArray","id":"728a30eb-98a4-4cfb-8674-cfc875059c57","uiAttribs":{"subPatch":0,"title":"LineArray","working":true,"notWorkingMsg":null},"portsIn":[{"name":"render","links":[{"portIn":"render","portOut":"trigger","objIn":"728a30eb-98a4-4cfb-8674-cfc875059c57","objOut":"e0445604-8697-4dce-97b7-23147f47f2ff"}]},{"name":"width","value":100},{"name":"height","value":100.1},{"name":"Logarithmic","value":false},{"name":"pivot x","value":"center"},{"name":"pivot y","value":"center"},{"name":"num columns","value":100},{"name":"num rows","value":200},{"name":"axis","value":"xy"}],"portsOut":[{"name":"trigger","value":0},{"name":"Point Arrays"}]},{"opId":"7073186c-b776-48c2-a01e-041df88ad88a","objName":"Ops.Gl.TextureEffects.Noise.FBMNoise","id":"b47fef31-677b-4d05-b339-c9c5e48ae350","uiAttribs":{"subPatch":0,"title":"FBMNoise","working":true,"notWorkingMsg":null},"portsIn":[{"name":"render","links":[{"portIn":"render","portOut":"trigger","objIn":"b47fef31-677b-4d05-b339-c9c5e48ae350","objOut":"a31f7240-c8ec-45fc-abcb-025ecca1c7c4"}]},{"name":"Blend Mode","value":"normal"},{"name":"Amount","value":3},{"name":"scale","value":2},{"name":"anim","links":[{"portIn":"anim","portOut":"result","objIn":"b47fef31-677b-4d05-b339-c9c5e48ae350","objOut":"2ea78d0d-1732-4cc7-9857-e20a3d896068"}]},{"name":"scrollX","value":5},{"name":"scrollY","value":5},{"name":"repeat","value":1},{"name":"aspect","value":1},{"name":"Layer 1","value":true},{"name":"Layer 2","value":true},{"name":"Layer 3","value":true},{"name":"Layer 4","value":true},{"name":"Tileable","value":false}],"portsOut":[{"name":"trigger"}]},{"opId":"1bbdae06-fbb2-489b-9bcc-36c9d65bd441","objName":"Ops.Math.Multiply","id":"2ea78d0d-1732-4cc7-9857-e20a3d896068","uiAttribs":{"subPatch":0,"title":"Multiply","working":true,"notWorkingMsg":null},"portsIn":[{"name":"number1","links":[{"portIn":"number1","portOut":"Time","objIn":"2ea78d0d-1732-4cc7-9857-e20a3d896068","objOut":"1ca33dc7-16dc-4892-9705-fec44a405e82"}]},{"name":"number2","value":3}],"portsOut":[{"name":"result"}]},{"opId":"81253441-cc73-42fa-b903-6d23806873d9","objName":"Ops.Gl.TextureEffects.Noise.Noise","id":"2bb6d9ef-1bf5-4b9a-a45d-8ea0b92a3fa4","uiAttribs":{"subPatch":0,"title":"Noise","working":true,"notWorkingMsg":null},"portsIn":[{"name":"Render","links":[{"portIn":"Render","portOut":"trigger","objIn":"2bb6d9ef-1bf5-4b9a-a45d-8ea0b92a3fa4","objOut":"b47fef31-677b-4d05-b339-c9c5e48ae350"}]},{"name":"Blend Mode","value":"normal"},{"name":"Amount","value":0},{"name":"Animated","value":false},{"name":"RGB","value":false}],"portsOut":[{"name":"Next","value":0}]},{"opId":"38ac43a1-1757-48f4-9450-29f07ac0d376","objName":"Ops.Gl.TextureEffects.ChromaticAberration","id":"f89d8223-919e-411d-935a-e410573744f6","uiAttribs":{"subPatch":0,"error":null,"title":"ChromaticAberration","working":true,"notWorkingMsg":null},"portsIn":[{"name":"render","links":[{"portIn":"render","portOut":"trigger","objIn":"f89d8223-919e-411d-935a-e410573744f6","objOut":"5c3a01b1-d0ff-4f0d-838e-075f82686949"}]},{"name":"Blend Mode","value":"normal"},{"name":"Amount","links":[{"portIn":"Amount","portOut":"result","objIn":"f89d8223-919e-411d-935a-e410573744f6","objOut":"eadec5d8-fee0-41ad-91db-ea3b8e55d154"}]},{"name":"Pixel","value":5},{"name":"Lens Distort","value":0},{"name":"Smooth","value":false},{"name":"Mask","value":0}],"portsOut":[{"name":"trigger","value":0}]},{"opId":"5c04608d-1e42-4e36-be00-1be4a81fc309","objName":"Ops.Gl.TextureEffects.ImageCompose","id":"491fade9-605a-43c5-beea-c332fe1bb6d3","uiAttribs":{"hint":"texture dimensions not power of two! - texture filtering will not work.","warning":null,"subPatch":0,"title":"ImageCompose","working":true,"notWorkingMsg":null},"portsIn":[{"name":"render","links":[{"portIn":"render","portOut":"trigger 7","objIn":"491fade9-605a-43c5-beea-c332fe1bb6d3","objOut":"6d37d8a8-efeb-4f9b-b3d5-044339bcf59d"}]},{"name":"use viewport size","value":true},{"name":"width","value":683},{"name":"height","value":495},{"name":"filter","value":"linear"},{"name":"wrap","value":"clamp to edge"},{"name":"HDR","value":0},{"name":"Background Alpha","value":1}],"portsOut":[{"name":"trigger"},{"name":"texture_out"},{"name":"Aspect Ratio","value":1.3797979797979798}]},{"opId":"255bd15b-cc91-4a12-9b4e-53c710cbb282","objName":"Ops.Gl.Meshes.FullscreenRectangle","id":"37d288b9-122a-4838-8179-4e0aa079f718","uiAttribs":{"subPatch":0,"title":"FullscreenRectangle","working":true,"notWorkingMsg":null},"portsIn":[{"name":"render","links":[{"portIn":"render","portOut":"trigger 15","objIn":"37d288b9-122a-4838-8179-4e0aa079f718","objOut":"6d37d8a8-efeb-4f9b-b3d5-044339bcf59d"}]},{"name":"Center in Canvas","value":0},{"name":"Flip Y","value":0},{"name":"Texture","links":[{"portIn":"Texture","portOut":"texture_out","objIn":"37d288b9-122a-4838-8179-4e0aa079f718","objOut":"491fade9-605a-43c5-beea-c332fe1bb6d3"}]}],"portsOut":[{"name":"trigger","value":0}]},{"opId":"8248b866-9492-48c8-897d-3097c6fe6fe8","objName":"Ops.Gl.TextureEffects.DrawImage","id":"5c3a01b1-d0ff-4f0d-838e-075f82686949","uiAttribs":{"subPatch":0,"title":"DrawImage","working":true,"notWorkingMsg":null},"portsIn":[{"name":"render","links":[{"portIn":"render","portOut":"trigger","objIn":"5c3a01b1-d0ff-4f0d-838e-075f82686949","objOut":"491fade9-605a-43c5-beea-c332fe1bb6d3"}]},{"name":"amount","value":1},{"name":"blendMode","value":"normal"},{"name":"image","links":[{"portIn":"image","portOut":"texture","objIn":"5c3a01b1-d0ff-4f0d-838e-075f82686949","objOut":"5e118a03-9a3f-4283-b1ec-d5a127979d9f"}]},{"name":"imageAlpha","value":0},{"name":"alphaSrc","value":"alpha channel"},{"name":"removeAlphaSrc","value":true},{"name":"invert alpha channel","value":false},{"name":"flip x","value":false},{"name":"flip y","value":false},{"name":"scale","value":1},{"name":"pos x","value":0},{"name":"pos y","value":0},{"name":"rotate","value":0}],"portsOut":[{"name":"trigger"}]},{"opId":"07f0be49-c226-4029-8039-3b620145dc2a","objName":"Ops.Math.Max","id":"eadec5d8-fee0-41ad-91db-ea3b8e55d154","uiAttribs":{"subPatch":0,"title":"Max","working":true,"notWorkingMsg":null},"portsIn":[{"name":"value","links":[{"portIn":"value","portOut":"Result","objIn":"eadec5d8-fee0-41ad-91db-ea3b8e55d154","objOut":"c1ec2a6c-20a7-4278-b9bd-0721947b212f"}]},{"name":"Maximum","value":0}],"portsOut":[{"name":"result"}]},{"opId":"b51166c4-e0a8-441a-b724-1531effdc52f","objName":"Ops.Math.Cosine","id":"c1ec2a6c-20a7-4278-b9bd-0721947b212f","uiAttribs":{"subPatch":0,"title":"Cosine","working":true,"notWorkingMsg":null},"portsIn":[{"name":"Value","links":[{"portIn":"Value","portOut":"Time","objIn":"c1ec2a6c-20a7-4278-b9bd-0721947b212f","objOut":"1ca33dc7-16dc-4892-9705-fec44a405e82"}]},{"name":"Phase","value":1},{"name":"Frequency","value":0.25},{"name":"Amplitude","value":1},{"name":"asine","value":false}],"portsOut":[{"name":"Result"}]},{"opId":"d01fa820-396c-4cb5-9d78-6b14762852af","objName":"Ops.Gl.Render2Texture","id":"5e118a03-9a3f-4283-b1ec-d5a127979d9f","uiAttribs":{"subPatch":0,"title":"Render2Texture","working":true,"notWorkingMsg":null},"portsIn":[{"name":"render","links":[{"portIn":"render","portOut":"trigger 0","objIn":"5e118a03-9a3f-4283-b1ec-d5a127979d9f","objOut":"6d37d8a8-efeb-4f9b-b3d5-044339bcf59d"}]},{"name":"use viewport size","value":true},{"name":"texture width","value":683},{"name":"texture height","value":495},{"name":"filter","value":"linear"},{"name":"MSAA","value":"none"},{"name":"HDR","value":false},{"name":"Depth","value":true},{"name":"Clear","value":true}],"portsOut":[{"name":"trigger"},{"name":"texture"},{"name":"textureDepth"}]}],"users":[],"userOps":[],"tags":[],"_id":"5caab120be282f6f3cd23489","name":"lud3","userId":"5c7eb95e2989f6767579305a","created":"2019-04-08T02:25:36.745Z","updated":"2019-04-08T02:45:49.717Z","__v":2,"shortId":"9k_MWD","opsHash":"6bd9bc15c3ab81e3a04e85b9e15bc074ad9216c9","ui":{"viewBox":{"x":-88.8852488869212,"y":-12.771249211202303,"w":554.794833240532,"h":584.4718228343792},"timeLineLength":20,"bookmarks":[],"subPatchViewBoxes":[],"renderer":{"w":683,"h":495,"s":1}},"updatedByUser":"msomm","cachedUsername":"msomm","exports":1}